phase,policy,annualization_sessions,annualized_net_volatility,cost_bps,cost_convention,gross_cumulative_return,holding_intervals,initial_holdings,kind,maximum_net_drawdown,mean_concentration_hhi,net_cumulative_return,slippage_bps,terminal_liquidation,turnover_l1,zero_rate_sharpe
validation,equal_weight/blend_025,252,0.24377232981040386,10.0,L1 dollars traded per pre-cost wealth; costs deducted proportionally before holding return,0.12866054357780232,83,equal weight; first rebalance charged,adjusted-close research accounting,-0.10675199275124092,0.0834390799212891,0.12766698703166068,5.0,False,0.5871051395923599,1.6176913557497776
validation,equal_weight/cap_020,252,0.24377232981040386,10.0,L1 dollars traded per pre-cost wealth; costs deducted proportionally before holding return,0.12866054357780232,83,equal weight; first rebalance charged,adjusted-close research accounting,-0.10675199275124092,0.0834390799212891,0.12766698703166068,5.0,False,0.5871051395923599,1.6176913557497776
validation,equal_weight/diagonal_025,252,0.24377232981040386,10.0,L1 dollars traded per pre-cost wealth; costs deducted proportionally before holding return,0.12866054357780232,83,equal weight; first rebalance charged,adjusted-close research accounting,-0.10675199275124092,0.0834390799212891,0.12766698703166068,5.0,False,0.5871051395923599,1.6176913557497776
validation,equal_weight/direct,252,0.24377232981040386,10.0,L1 dollars traded per pre-cost wealth; costs deducted proportionally before holding return,0.12866054357780232,83,equal weight; first rebalance charged,adjusted-close research accounting,-0.10675199275124092,0.0834390799212891,0.12766698703166068,5.0,False,0.5871051395923599,1.6176913557497776
validation,equal_weight/floor_0,252,0.24377232981040386,10.0,L1 dollars traded per pre-cost wealth; costs deducted proportionally before holding return,0.12866054357780232,83,equal weight; first rebalance charged,adjusted-close research accounting,-0.10675199275124092,0.0834390799212891,0.12766698703166068,5.0,False,0.5871051395923599,1.6176913557497776
validation,equal_weight/risk_1,252,0.24377232981040386,10.0,L1 dollars traded per pre-cost wealth; costs deducted proportionally before holding return,0.12866054357780232,83,equal weight; first rebalance charged,adjusted-close research accounting,-0.10675199275124092,0.0834390799212891,0.12766698703166068,5.0,False,0.5871051395923599,1.6176913557497776
validation,equal_weight/risk_10,252,0.24377232981040386,10.0,L1 dollars traded per pre-cost wealth; costs deducted proportionally before holding return,0.12866054357780232,83,equal weight; first rebalance charged,adjusted-close research accounting,-0.10675199275124092,0.0834390799212891,0.12766698703166068,5.0,False,0.5871051395923599,1.6176913557497776
validation,historical_only/blend_025,252,0.3555413862226242,10.0,L1 dollars traded per pre-cost wealth; costs deducted proportionally before holding return,0.36033567391683086,83,equal weight; first rebalance charged,adjusted-close research accounting,-0.10219756381268397,0.17334746508729298,0.35353635961426644,5.0,False,3.339674492901049,2.7643769585361766
validation,historical_only/cap_020,252,0.310459979103203,10.0,L1 dollars traded per pre-cost wealth; costs deducted proportionally before holding return,0.30367118816141137,83,equal weight; first rebalance charged,adjusted-close research accounting,-0.0955533308087767,0.12504075932825942,0.30048041163677186,5.0,False,1.6333593543616127,2.7259822720007114
validation,historical_only/diagonal_025,252,0.3586741883757846,10.0,L1 dollars traded per pre-cost wealth; costs deducted proportionally before holding return,0.364166430957535,83,equal weight; first rebalance charged,adjusted-close research accounting,-0.10219757563201604,0.1716833265796519,0.3577961654078743,5.0,False,3.1196782919958688,2.7699286483809247
validation,historical_only/direct,252,0.3555413862226242,10.0,L1 dollars traded per pre-cost wealth; costs deducted proportionally before holding return,0.36033567391683086,83,equal weight; first rebalance charged,adjusted-close research accounting,-0.10219756381268397,0.17334746508729298,0.35353635961426644,5.0,False,3.339674492901049,2.7643769585361766
validation,historical_only/floor_0,252,0.4315448353396031,10.0,L1 dollars traded per pre-cost wealth; costs deducted proportionally before holding return,0.4708123821784296,83,equal weight; first rebalance charged,adjusted-close research accounting,-0.12519879162644443,0.4555222658139395,0.4604277716674292,5.0,False,4.721013238422973,2.8811243731167946
validation,historical_only/risk_1,252,0.41882625863423706,10.0,L1 dollars traded per pre-cost wealth; costs deducted proportionally before holding return,0.6476329405958492,83,equal weight; first rebalance charged,adjusted-close research accounting,-0.1022156823459468,0.2225659537306799,0.6418350186764361,5.0,False,2.3495312145799487,3.8095987992054603
validation,historical_only/risk_10,252,0.28115769589047207,10.0,L1 dollars traded per pre-cost wealth; costs deducted proportionally before holding return,0.21005388359291577,83,equal weight; first rebalance charged,adjusted-close research accounting,-0.09738821114789009,0.16734778685257426,0.20604150339560534,5.0,False,2.2137439629008115,2.1635330880374815
validation,no_holidays/blend_025,252,0.2497705387981257,10.0,L1 dollars traded per pre-cost wealth; costs deducted proportionally before holding return,0.08203631101544118,83,equal weight; first rebalance charged,adjusted-close research accounting,-0.10662676383153047,0.2290814979733508,0.07100699704751579,5.0,False,6.826251660642439,0.9574560984448489
validation,no_holidays/cap_020,252,0.25436329519193346,10.0,L1 dollars traded per pre-cost wealth; costs deducted proportionally before holding return,0.13235944296060143,83,equal weight; first rebalance charged,adjusted-close research accounting,-0.11385474550899166,0.1252166909878326,0.12140083444753169,5.0,False,6.48100082262704,1.4939163017102493
validation,no_holidays/diagonal_025,252,0.24803812069480086,10.0,L1 dollars traded per pre-cost wealth; costs deducted proportionally before holding return,0.05789413585042191,83,equal weight; first rebalance charged,adjusted-close research accounting,-0.12513972789913563,0.22465663449229667,0.04881300997719351,5.0,False,5.74436389104504,0.7059866718246154
validation,no_holidays/direct,252,0.24796213142554943,10.0,L1 dollars traded per pre-cost wealth; costs deducted proportionally before holding return,0.05606777745065661,83,equal weight; first rebalance charged,adjusted-close research accounting,-0.12654191163510486,0.22504970395239565,0.04713202320529408,5.0,False,5.661821642833635,0.6864800850123159
validation,no_holidays/floor_0,252,0.35490557503207437,10.0,L1 dollars traded per pre-cost wealth; costs deducted proportionally before holding return,-0.03614858077688132,83,equal weight; first rebalance charged,adjusted-close research accounting,-0.21348135925067913,0.9699244365221953,-0.055865888095795735,5.0,False,13.760336318813014,-0.31619493424784645
validation,no_holidays/risk_1,252,0.2479120642749334,10.0,L1 dollars traded per pre-cost wealth; costs deducted proportionally before holding return,0.054745934128434204,83,equal weight; first rebalance charged,adjusted-close research accounting,-0.12755693606725393,0.2253997154932216,0.04591517651121846,5.0,False,5.6020443577409464,0.6723239971694646
validation,no_holidays/risk_10,252,0.247968681914542,10.0,L1 dollars traded per pre-cost wealth; costs deducted proportionally before holding return,0.05623300786593588,83,equal weight; first rebalance charged,adjusted-close research accounting,-0.12641504030693018,0.22500982747845327,0.047284120978875466,5.0,False,5.669288602368883,0.6882474241504852
validation,reference/blend_025,252,0.25076715656534904,10.0,L1 dollars traded per pre-cost wealth; costs deducted proportionally before holding return,0.10236164631033318,83,equal weight; first rebalance charged,adjusted-close research accounting,-0.10409958197390501,0.22480834883787254,0.0896294191431315,5.0,False,7.740382619050871,1.1635585687228283
validation,reference/cap_020,252,0.25332772125742675,10.0,L1 dollars traded per pre-cost wealth; costs deducted proportionally before holding return,0.1299813938105263,83,equal weight; first rebalance charged,adjusted-close research accounting,-0.11384678899652523,0.12513489985165624,0.11807578207943425,5.0,False,7.058889892734478,1.463382595532668
validation,reference/diagonal_025,252,0.24789217025623844,10.0,L1 dollars traded per pre-cost wealth; costs deducted proportionally before holding return,0.05418771649103005,83,equal weight; first rebalance charged,adjusted-close research accounting,-0.12798561207168624,0.22556410947140923,0.04540126476456385,5.0,False,5.57677800722131,0.6663366681847978
validation,reference/direct,252,0.24783116177431055,10.0,L1 dollars traded per pre-cost wealth; costs deducted proportionally before holding return,0.05232584606482127,83,equal weight; first rebalance charged,adjusted-close research accounting,-0.12941574706781,0.22618388103647818,0.04368676904702906,5.0,False,5.492571701924227,0.6463250522349346
validation,reference/floor_0,252,0.3549089322182279,10.0,L1 dollars traded per pre-cost wealth; costs deducted proportionally before holding return,-0.03963168272176365,83,equal weight; first rebalance charged,adjusted-close research accounting,-0.2161214970903429,0.9703344730871689,-0.0590350999433128,5.0,False,13.588645056358752,-0.3449294826253854
validation,reference/risk_1,252,0.24770343223030897,10.0,L1 dollars traded per pre-cost wealth; costs deducted proportionally before holding return,0.047047865026450975,83,equal weight; first rebalance charged,adjusted-close research accounting,-0.13347094070412835,0.22854281769178314,0.038825261467614336,5.0,False,5.253101918510263,0.5892862355510051
validation,reference/risk_10,252,0.24789830318332567,10.0,L1 dollars traded per pre-cost wealth; costs deducted proportionally before holding return,0.05436204217301954,83,equal weight; first rebalance charged,adjusted-close research accounting,-0.12785173909025338,0.22551171171992532,0.045561756364294936,5.0,False,5.584669852749308,0.668207030128405
validation,rigid_trend/blend_025,252,0.28072783462093487,10.0,L1 dollars traded per pre-cost wealth; costs deducted proportionally before holding return,0.19829979335830572,83,equal weight; first rebalance charged,adjusted-close research accounting,-0.10756313162138131,0.2214716106811629,0.18239152673307069,5.0,False,8.904501733495387,1.9523535634161193
validation,rigid_trend/cap_020,252,0.25343609637976117,10.0,L1 dollars traded per pre-cost wealth; costs deducted proportionally before holding return,0.16907768918460264,83,equal weight; first rebalance charged,adjusted-close research accounting,-0.12283096959913464,0.125422114306692,0.15772217165373137,5.0,False,6.504932391274871,1.8808326659186216
validation,rigid_trend/diagonal_025,252,0.2785847004502349,10.0,L1 dollars traded per pre-cost wealth; costs deducted proportionally before holding return,0.19159332395478046,83,equal weight; first rebalance charged,adjusted-close research accounting,-0.10051232339909655,0.2288885595229579,0.17678920454442437,5.0,False,8.329440878714118,1.9133805213432262
validation,rigid_trend/direct,252,0.27885013011999854,10.0,L1 dollars traded per pre-cost wealth; costs deducted proportionally before holding return,0.19504680233670024,83,equal weight; first rebalance charged,adjusted-close research accounting,-0.10051232339909633,0.23011809114868967,0.18009747224285277,5.0,False,8.387165627145913,1.942449246730834
validation,rigid_trend/floor_0,252,0.42344257002554603,10.0,L1 dollars traded per pre-cost wealth; costs deducted proportionally before holding return,0.25034155087616483,83,equal weight; first rebalance charged,adjusted-close research accounting,-0.12361373723086555,0.9284618579163818,0.2141380934367958,5.0,False,19.5608184987777,1.6025291730081914
validation,rigid_trend/risk_1,252,0.27890343801031287,10.0,L1 dollars traded per pre-cost wealth; costs deducted proportionally before holding return,0.19571171655643194,83,equal weight; first rebalance charged,adjusted-close research accounting,-0.10051232339909555,0.23037558693020727,0.18072133575870786,5.0,False,8.405624501033106,1.9478956970748553
validation,rigid_trend/risk_10,252,0.2762966304662307,10.0,L1 dollars traded per pre-cost wealth; costs deducted proportionally before holding return,0.17953386692847673,83,equal weight; first rebalance charged,adjusted-close research accounting,-0.10325138455303207,0.220385640769885,0.16518449436897797,5.0,False,8.155278553869662,1.8177972162867626
validation,weekly_only/blend_025,252,0.2579199640940521,10.0,L1 dollars traded per pre-cost wealth; costs deducted proportionally before holding return,0.08523754668402495,83,equal weight; first rebalance charged,adjusted-close research accounting,-0.12139471301627991,0.2243708999653639,0.07423435878359941,5.0,False,6.790063354982133,0.9703351001813699
validation,weekly_only/cap_020,252,0.25215866537133264,10.0,L1 dollars traded per pre-cost wealth; costs deducted proportionally before holding return,0.1445974868041564,83,equal weight; first rebalance charged,adjusted-close research accounting,-0.1111385212364282,0.12516674497790672,0.13464316120044217,5.0,False,5.82151657130526,1.6462778561136353
validation,weekly_only/diagonal_025,252,0.25859709887389937,10.0,L1 dollars traded per pre-cost wealth; costs deducted proportionally before holding return,0.09182088121216081,83,equal weight; first rebalance charged,adjusted-close research accounting,-0.12139471301627969,0.22936727262487147,0.0807194334532011,5.0,False,6.809264821131531,1.0391947201658076
validation,weekly_only/direct,252,0.25859709887389953,10.0,L1 dollars traded per pre-cost wealth; costs deducted proportionally before holding return,0.09182088121216014,83,equal weight; first rebalance charged,adjusted-close research accounting,-0.12139471301627969,0.22936727262487233,0.08071943345319954,5.0,False,6.809264821131574,1.0391947201657954
validation,weekly_only/floor_0,252,0.3783556455914642,10.0,L1 dollars traded per pre-cost wealth; costs deducted proportionally before holding return,0.03028368662722225,83,equal weight; first rebalance charged,adjusted-close research accounting,-0.17424508899660052,0.9999999999999959,0.006067168046504312,5.0,False,15.83333333333342,0.2344317792413313
validation,weekly_only/risk_1,252,0.2585970988738995,10.0,L1 dollars traded per pre-cost wealth; costs deducted proportionally before holding return,0.09182088121216014,83,equal weight; first rebalance charged,adjusted-close research accounting,-0.12139471301628024,0.22936727262487175,0.08071943345319954,5.0,False,6.809264821131561,1.0391947201657956
validation,weekly_only/risk_10,252,0.25859709887389964,10.0,L1 dollars traded per pre-cost wealth; costs deducted proportionally before holding return,0.09182088121215992,83,equal weight; first rebalance charged,adjusted-close research accounting,-0.12139471301628013,0.22936727262487233,0.0807194334531991,5.0,False,6.809264821131562,1.0391947201657896
validation,weekly_rolling/blend_025,252,0.27241978720123006,10.0,L1 dollars traded per pre-cost wealth; costs deducted proportionally before holding return,0.1398430035924425,83,equal weight; first rebalance charged,adjusted-close research accounting,-0.09381954035511164,0.21518372626030904,0.12639115026343473,5.0,False,7.909958603897752,1.4615216227595662
validation,weekly_rolling/cap_020,252,0.26297225588663653,10.0,L1 dollars traded per pre-cost wealth; costs deducted proportionally before holding return,0.14586530188425373,83,equal weight; first rebalance charged,adjusted-close research accounting,-0.09992888198667815,0.12542743314705732,0.13575936795553378,5.0,False,5.903858958577204,1.6002782738160097
validation,weekly_rolling/diagonal_025,252,0.2710191317598037,10.0,L1 dollars traded per pre-cost wealth; costs deducted proportionally before holding return,0.11204692129688643,83,equal weight; first rebalance charged,adjusted-close research accounting,-0.1060984919662562,0.22157986278799122,0.10032840725638659,5.0,False,7.05860461818215,1.205212221995469
validation,weekly_rolling/direct,252,0.271794018255771,10.0,L1 dollars traded per pre-cost wealth; costs deducted proportionally before holding return,0.11469521418605155,83,equal weight; first rebalance charged,adjusted-close research accounting,-0.10609849196625676,0.22225060622719683,0.10303315756193299,5.0,False,7.007625457038427,1.2299800630882376
validation,weekly_rolling/floor_0,252,0.3853961397388965,10.0,L1 dollars traded per pre-cost wealth; costs deducted proportionally before holding return,0.08301518958854226,83,equal weight; first rebalance charged,adjusted-close research accounting,-0.179326699991053,0.9316648034595412,0.056902367933108655,5.0,False,16.249349788949758,0.6258061550555657
validation,weekly_rolling/risk_1,252,0.26594842598977125,10.0,L1 dollars traded per pre-cost wealth; costs deducted proportionally before holding return,0.08501102454137044,83,equal weight; first rebalance charged,adjusted-close research accounting,-0.10609849196625787,0.22939913769714526,0.07277544367263089,5.0,False,7.5561866541260665,0.9333886109875923
validation,weekly_rolling/risk_10,252,0.2746130312340614,10.0,L1 dollars traded per pre-cost wealth; costs deducted proportionally before holding return,0.12238178557073542,83,equal weight; first rebalance charged,adjusted-close research accounting,-0.10609849196625709,0.22447140781949868,0.11088706663547732,5.0,False,6.858927530586403,1.2986403395856556
final_test,equal_weight/cap_020,252,0.218480870870197,10.0,L1 dollars traded per pre-cost wealth; costs deducted proportionally before holding return,0.0782348369669903,45,equal weight; first rebalance charged,adjusted-close research accounting,-0.08628644209294734,0.08344008930764031,0.07773269513323378,5.0,False,0.3105332246828,2.0267187248589376
final_test,equal_weight/direct,252,0.218480870870197,10.0,L1 dollars traded per pre-cost wealth; costs deducted proportionally before holding return,0.0782348369669903,45,equal weight; first rebalance charged,adjusted-close research accounting,-0.08628644209294734,0.08344008930764031,0.07773269513323378,5.0,False,0.3105332246828,2.0267187248589376
final_test,historical_only/cap_020,252,0.2379709294097766,10.0,L1 dollars traded per pre-cost wealth; costs deducted proportionally before holding return,-0.0036065071671459448,45,equal weight; first rebalance charged,adjusted-close research accounting,-0.0940130259700015,0.12347051638347442,-0.0058199449814368975,5.0,False,1.4822379219426811,-0.021257522441289017
final_test,historical_only/direct,252,0.3037727673652446,10.0,L1 dollars traded per pre-cost wealth; costs deducted proportionally before holding return,-0.02005480678094551,45,equal weight; first rebalance charged,adjusted-close research accounting,-0.12573263211162256,0.159572793004615,-0.022474710089098848,5.0,False,1.6478586124820471,-0.27138239907836903
final_test,reference/cap_020,252,0.24088234670696929,10.0,L1 dollars traded per pre-cost wealth; costs deducted proportionally before holding return,0.06255428555436149,45,equal weight; first rebalance charged,adjusted-close research accounting,-0.08786732779847228,0.12512394095729132,0.05716206974219329,5.0,False,3.390631748873781,1.4109307546152705
final_test,reference/direct,252,0.26683153233214735,10.0,L1 dollars traded per pre-cost wealth; costs deducted proportionally before holding return,0.005356914428961357,45,equal weight; first rebalance charged,adjusted-close research accounting,-0.08496227276005053,0.22845995973235547,-0.0008806704602366544,5.0,False,4.146664123287754,0.1112264665438614
