phase,model,ticker,actual_zero_count,count,directional_accuracy,last_price_mae,prediction_zero_count,price_mae,price_rmse,relative_price_mae,return_mae
validation,last_price,AAPL,0,17,0.0,3.9564927045036766,17,3.9564927045036766,5.630180512969093,1.0,0.014184670107181038
validation,last_price,AMD,0,17,0.0,9.088239781996784,17,9.088239781996784,10.922978366840983,1.0,0.02600362408090091
validation,last_price,AMZN,0,17,0.0,4.158822452320772,17,4.158822452320772,4.999396985344699,1.0,0.017273385654442572
validation,last_price,GOOG,0,17,0.0,4.684069465188419,17,4.684069465188419,5.763932749431457,1.0,0.013857505587879616
validation,last_price,JPM,0,17,0.0,2.6696238798253678,17,2.6696238798253678,3.2564658975549983,1.0,0.008818263170420233
validation,last_price,META,0,17,0.0,12.348097857306986,17,12.348097857306986,15.446938962100388,1.0,0.020508636264414785
validation,last_price,MSFT,0,17,0.0,5.748484892003677,17,5.748484892003677,7.194627136191338,1.0,0.01437168794541484
validation,last_price,NFLX,0,17,0.0,1.244116839240579,17,1.244116839240579,1.5715572870090622,1.0,0.013876248738719295
validation,last_price,NVDA,0,17,0.0,3.5698098575367645,17,3.5698098575367645,4.195488936628744,1.0,0.01819758002839477
validation,last_price,PLTR,0,17,0.0,4.089414259966682,17,4.089414259966682,5.3620679737068375,1.0,0.02910919333683101
validation,last_price,TSLA,0,17,0.0,6.14117431640625,17,6.14117431640625,7.5671671086860055,1.0,0.01577690820279478
validation,last_price,TSM,0,17,0.0,7.895055434283088,17,7.895055434283088,8.946583960881796,1.0,0.020467482129642132
validation,no_holidays,AAPL,0,17,0.47058823529411764,3.9564927045036766,0,8.756611376641574,12.209171904865899,2.2132257104060677,0.03088118727844944
validation,no_holidays,AMD,0,17,0.47058823529411764,9.088239781996784,0,59.49936388852648,73.28117009490668,6.546852340580943,0.16164684873328175
validation,no_holidays,AMZN,0,17,0.23529411764705882,4.158822452320772,0,19.75808678255196,22.649112351714678,4.750884898086054,0.08300252470645256
validation,no_holidays,GOOG,0,17,0.47058823529411764,4.684069465188419,0,16.895664156006685,21.115202599913733,3.6070481621960844,0.049295892535869135
validation,no_holidays,JPM,0,17,0.5294117647058824,2.6696238798253678,0,8.319140582316678,11.217111039932393,3.1162219686395938,0.02691409011431787
validation,no_holidays,META,0,17,0.35294117647058826,12.348097857306986,0,44.278324868086465,52.851078587307555,3.585841753099225,0.0720720774557695
validation,no_holidays,MSFT,0,17,0.17647058823529413,5.748484892003677,0,23.560056473174143,29.069733005364775,4.098481063409755,0.05967341812993401
validation,no_holidays,NFLX,0,17,0.4117647058823529,1.244116839240579,0,11.066682567913285,12.052559654389434,8.895211622301082,0.12307052047875769
validation,no_holidays,NVDA,0,17,0.35294117647058826,3.5698098575367645,0,13.135091027284519,15.954403714707349,3.6794931807230697,0.06534298500555633
validation,no_holidays,PLTR,0,17,0.4117647058823529,4.089414259966682,0,8.525237553355886,10.900553263673224,2.0847087165547626,0.060870592920990466
validation,no_holidays,TSLA,0,17,0.35294117647058826,6.14117431640625,0,22.98982680966359,27.08884740796987,3.743555487139631,0.05822051683098142
validation,no_holidays,TSM,0,17,0.5882352941176471,7.895055434283088,0,14.34637621604268,17.013883664372432,1.8171343235597441,0.03808750643798381
validation,reference,AAPL,0,17,0.47058823529411764,3.9564927045036766,0,8.167001069230137,11.711242238113469,2.064202231419165,0.028742465542707162
validation,reference,AMD,0,17,0.47058823529411764,9.088239781996784,0,59.39153771280906,73.58943050498456,6.534987977590541,0.1612248743895235
validation,reference,AMZN,0,17,0.23529411764705882,4.158822452320772,0,19.715617736377286,22.582161327321526,4.740673102160268,0.08290550250134704
validation,reference,GOOG,0,17,0.47058823529411764,4.684069465188419,0,16.89205243683104,20.927824570777506,3.6062770978037895,0.04927678333223466
validation,reference,JPM,0,17,0.5294117647058824,2.6696238798253678,0,8.427222198205568,11.074808672519136,3.156707677771009,0.027326577586254654
validation,reference,META,0,17,0.35294117647058826,12.348097857306986,0,42.91383103854173,51.07411235302305,3.4753394032383276,0.06984355731847236
validation,reference,MSFT,0,17,0.17647058823529413,5.748484892003677,0,24.179678880206165,28.973158923945356,4.2062698840595125,0.061119084940920144
validation,reference,NFLX,0,17,0.4117647058823529,1.244116839240579,0,11.053284911356661,12.087057399324987,8.884442813348377,0.12285845973090241
validation,reference,NVDA,0,17,0.29411764705882354,3.5698098575367645,0,13.22817618199843,15.938766813784019,3.705568842573066,0.06576187829238221
validation,reference,PLTR,0,17,0.4117647058823529,4.089414259966682,0,8.623250977986107,11.1062992267436,2.108676311520556,0.061466976544963046
validation,reference,TSLA,0,17,0.35294117647058826,6.14117431640625,0,22.655588254953148,26.75127513567912,3.6891296497525508,0.0573224000208691
validation,reference,TSM,0,17,0.5882352941176471,7.895055434283088,0,14.180016779801505,16.94389872571252,1.7960629786368465,0.03766920283480364
validation,rigid_trend,AAPL,0,17,0.5294117647058824,3.9564927045036766,0,11.93750697831287,15.399113443411174,3.0171942348647334,0.041675625980329443
validation,rigid_trend,AMD,0,17,0.5294117647058824,9.088239781996784,0,76.10637793790943,91.48671592414459,8.374160427486878,0.20337011985743345
validation,rigid_trend,AMZN,0,17,0.5294117647058824,4.158822452320772,0,17.677343981838956,20.897725836817912,4.250564717417634,0.07227690613473052
validation,rigid_trend,GOOG,0,17,0.5294117647058824,4.684069465188419,0,20.72188791520049,23.95062275091478,4.423907046896654,0.06360689376451051
validation,rigid_trend,JPM,0,17,0.5882352941176471,2.6696238798253678,0,11.550635574137713,12.976359695520225,4.326690235814527,0.03840514100210907
validation,rigid_trend,META,0,17,0.7058823529411765,12.348097857306986,0,36.93758589854926,47.06855978745331,2.9913583715804006,0.06123828549666331
validation,rigid_trend,MSFT,0,17,0.4117647058823529,5.748484892003677,0,26.096910662714038,31.042164543063855,4.539789379809567,0.06717051428674976
validation,rigid_trend,NFLX,0,17,0.47058823529411764,1.244116839240579,0,8.989743701147418,10.984911636944648,7.225803411386059,0.09822291943775074
validation,rigid_trend,NVDA,0,17,0.5294117647058824,3.5698098575367645,0,12.409638081036633,15.354717326916917,3.4762742488473926,0.06171524626790766
validation,rigid_trend,PLTR,0,17,0.4117647058823529,4.089414259966682,0,8.415312940156404,10.354155492507722,2.057828433411138,0.06261104812659637
validation,rigid_trend,TSLA,0,17,0.29411764705882354,6.14117431640625,0,15.851355739241573,19.307741570000402,2.581160364866115,0.040678584426080515
validation,rigid_trend,TSM,0,17,0.5294117647058824,7.895055434283088,0,14.177851268794457,17.059220498505223,1.795788691644808,0.03700239444122794
validation,weekly_only,AAPL,0,17,0.47058823529411764,3.9564927045036766,0,17.00969411342755,19.723032249647318,4.299185006474398,0.060491977660655394
validation,weekly_only,AMD,0,17,0.47058823529411764,9.088239781996784,0,83.00629682277741,100.51231889784026,9.133374428259202,0.21933073644712558
validation,weekly_only,AMZN,0,17,0.5882352941176471,4.158822452320772,0,19.40205077886297,22.981046159657666,4.665275087191071,0.07905372042067453
validation,weekly_only,GOOG,0,17,0.6470588235294118,4.684069465188419,0,27.821009536304242,32.81048152199009,5.939495505578529,0.08510077773658338
validation,weekly_only,JPM,0,17,0.7058823529411765,2.6696238798253678,0,12.689911615754799,15.520757197548702,4.753445499065922,0.04173014458261097
validation,weekly_only,META,0,17,0.6470588235294118,12.348097857306986,0,30.7272646356901,38.58140709263212,2.48842088804044,0.0506178398141526
validation,weekly_only,MSFT,0,17,0.7058823529411765,5.748484892003677,0,26.43705799276723,32.22372828301219,4.598961028764641,0.06489099622635987
validation,weekly_only,NFLX,0,17,0.5294117647058824,1.244116839240579,0,10.89978525438339,12.847841008711512,8.76106239429789,0.11788863386206101
validation,weekly_only,NVDA,0,17,0.7647058823529411,3.5698098575367645,0,12.070861629939325,14.618238360160714,3.3813738298847222,0.06002118155905906
validation,weekly_only,PLTR,0,17,0.5882352941176471,4.089414259966682,0,5.850521660689795,7.749658108933923,1.4306502811327952,0.04258441012913528
validation,weekly_only,TSLA,0,17,0.6470588235294118,6.14117431640625,0,36.98506751460758,44.22127182525651,6.022474792125889,0.09559708323611382
validation,weekly_only,TSM,0,17,0.7647058823529411,7.895055434283088,0,15.414308478022246,18.687592689894057,1.952400284751382,0.04162643470949518
validation,weekly_rolling,AAPL,0,17,0.47058823529411764,3.9564927045036766,0,12.247708391936541,15.632217600785815,3.0955973653116993,0.04314827597147318
validation,weekly_rolling,AMD,0,17,0.5294117647058824,9.088239781996784,0,47.00683486928206,57.233626439141275,5.172270538283944,0.13186433321609825
validation,weekly_rolling,AMZN,0,17,0.4117647058823529,4.158822452320772,0,19.24081118031203,24.282015174984394,4.626504593764268,0.07835609205891354
validation,weekly_rolling,GOOG,0,17,0.4117647058823529,4.684069465188419,0,27.37569997971827,31.638045113905086,5.844426557541897,0.07954101666129446
validation,weekly_rolling,JPM,0,17,0.5294117647058824,2.6696238798253678,0,10.772009666955356,12.771387678862418,4.03502895983235,0.035074609376253195
validation,weekly_rolling,META,0,17,0.6470588235294118,12.348097857306986,0,35.1218811092814,41.520667869097565,2.8443150933160144,0.058930077271441214
validation,weekly_rolling,MSFT,0,17,0.4117647058823529,5.748484892003677,0,22.121795409575927,29.713271068998274,3.8482827780147844,0.0559672858961027
validation,weekly_rolling,NFLX,0,17,0.4117647058823529,1.244116839240579,0,8.91758104288327,10.23901624823776,7.167800291431348,0.09781121707956028
validation,weekly_rolling,NVDA,0,17,0.5294117647058824,3.5698098575367645,0,12.282894056233221,15.029998292467823,3.440769829883502,0.06107812339095853
validation,weekly_rolling,PLTR,0,17,0.5294117647058824,4.089414259966682,0,7.892530362361371,10.732521065222693,1.9299904242094748,0.05604849666012519
validation,weekly_rolling,TSLA,0,17,0.6470588235294118,6.14117431640625,0,24.44933445233018,28.893018722526985,3.9812148609775453,0.06131011902844536
validation,weekly_rolling,TSM,0,17,0.5882352941176471,7.895055434283088,0,17.88184260521199,21.26505058725037,2.2649419949051635,0.04865402950326321
final_test,last_price,AAPL,0,9,0.0,3.7399224175347223,9,3.7399224175347223,4.077797759223137,1.0,0.011841448855882945
final_test,last_price,AMD,0,9,0.0,20.068888346354168,9,20.068888346354168,27.107080120961978,1.0,0.040249491715777935
final_test,last_price,AMZN,0,9,0.0,4.908888075086805,9,4.908888075086805,5.830929290015551,1.0,0.019915920215865832
final_test,last_price,GOOG,0,9,0.0,6.556871202256945,9,6.556871202256945,9.908167771958269,1.0,0.018655168368764005
final_test,last_price,JPM,0,9,0.0,4.016652425130208,9,4.016652425130208,4.396576179316689,1.0,0.011666133910408556
final_test,last_price,META,0,9,0.0,20.5433349609375,9,20.5433349609375,26.766224376993655,1.0,0.03463824683353246
final_test,last_price,MSFT,0,9,0.0,12.740529378255209,9,12.740529378255209,21.44979247169537,1.0,0.03120208334529284
final_test,last_price,NFLX,0,9,0.0,1.1822213066948786,9,1.1822213066948786,1.7550053760726163,1.0,0.015924446243520605
final_test,last_price,NVDA,0,9,0.0,4.189754909939236,9,4.189754909939236,6.724981173983237,1.0,0.02024831159101264
final_test,last_price,PLTR,0,9,0.0,3.888888888888889,9,3.888888888888889,5.13208645745788,1.0,0.026599229314587334
final_test,last_price,TSLA,0,9,0.0,12.76554701063368,9,12.76554701063368,19.79611639672012,1.0,0.03548620360275428
final_test,last_price,TSM,0,9,0.0,10.714447021484375,9,10.714447021484375,15.582914599211126,1.0,0.025405193409801036
final_test,reference,AAPL,0,9,0.7777777777777778,3.7399224175347223,0,8.976464598432635,10.255856772568144,2.4001740133287925,0.029012855227234204
final_test,reference,AMD,0,9,0.6666666666666666,20.068888346354168,0,48.29123119858251,55.42148555360235,2.406273350330108,0.10035428880600085
final_test,reference,AMZN,0,9,0.6666666666666666,4.908888075086805,0,10.958098207099539,12.800041649488271,2.23229742448462,0.04359595298246002
final_test,reference,GOOG,0,9,0.4444444444444444,6.556871202256945,0,14.959346285292334,18.392855213109073,2.2814763053669815,0.043205440828086875
final_test,reference,JPM,0,9,0.5555555555555556,4.016652425130208,0,6.682868185052674,7.221396377794548,1.6637905095400518,0.018996083975079445
final_test,reference,META,0,9,0.5555555555555556,20.5433349609375,0,30.728840611692576,38.34874003783182,1.4958058499324716,0.051326911834894545
final_test,reference,MSFT,0,9,0.4444444444444444,12.740529378255209,0,44.14254096430489,53.504375537141534,3.464733658527942,0.09759316988782557
final_test,reference,NFLX,0,9,0.7777777777777778,1.1822213066948786,0,4.91277362394743,5.515747893589072,4.155544817308368,0.06554356269916814
final_test,reference,NVDA,0,9,0.5555555555555556,4.189754909939236,0,10.416134545270593,11.979334392375975,2.486096387299576,0.05020486233642388
final_test,reference,PLTR,0,9,0.4444444444444444,3.888888888888889,0,16.599068956969624,22.461891232243094,4.2683320175064745,0.10126210617912595
final_test,reference,TSLA,0,9,0.4444444444444444,12.76554701063368,0,36.27518651812434,43.14527309863784,2.841647638593722,0.10507982124718618
final_test,reference,TSM,0,9,0.5555555555555556,10.714447021484375,0,16.10851307226114,19.80275074460009,1.503438585300828,0.038294653480727615
